dynamic enhance models,http://lorempixel.com/640/480/fashion,Antonio Kuvalis PhD,Wed Aug 26 1987
proactive strategize supp,http://lorempixel.com/640/480/fashion,Felicia Romaguera,Sat Apr 15 1967
bleeding-edge extend deli,http://lorempixel.com/640/480/fashion,Maxie Goldner DDS,Wed Jul 17 1996
intuitive cultivate chann,http://lorempixel.com/640/480/fashion,Delphia Bosco,Thu Mar 16 2006
rich syndicate action-ite,http://lorempixel.com/640/480/fashion,Andreane Powlowski,Wed Jul 24 1968
next-generation facilitat,http://lorempixel.com/640/480/fashion,Christophe Shields,Fri May 26 2017
mission-critical synthesi,http://lorempixel.com/640/480/fashion,Orie Schimmel,Sat Oct 03 1953
innovative incentivize fu,http://lorempixel.com/640/480/fashion,Trudie Monahan Jr.,Wed Jul 06 1955
magnetic optimize supply-,http://lorempixel.com/640/480/fashion,Camren Bode,Tue Aug 09 1960
e-business matrix schemas,http://lorempixel.com/640/480/fashion,Laurie Hammes,Thu Nov 26 1981
