communities,http://lorempixel.com/640/480/abstract,95
methodologies,http://lorempixel.com/640/480/abstract,61
convergence,http://lorempixel.com/640/480/abstract,89
metrics,http://lorempixel.com/640/480/abstract,37
technologies,http://lorempixel.com/640/480/abstract,84
eyeballs,http://lorempixel.com/640/480/abstract,33
deliverables,http://lorempixel.com/640/480/abstract,46
models,http://lorempixel.com/640/480/abstract,70
infrastructures,http://lorempixel.com/640/480/abstract,47
technologies,http://lorempixel.com/640/480/abstract,26
