omnis blanditiis perspici,Kara Rodriguez,#CROSS-PLATFORM
dolor enim labore,Mr. Abbey McClure,#AUXILIARY
iure iste modi,Manuela Corwin,#OPEN-SOURCE
omnis est quia,Dee Herzog Sr.,#VIRTUAL
eum enim nisi,Eleanore Fritsch,#BACK-END
et quo reiciendis,Vincenza West,#DIGITAL
error in neque,Beau Larkin PhD,#OPTICAL
accusamus sit voluptatem,Chance Lakin,#OPEN-SOURCE
quos reprehenderit sed,Miss Reed Erdman,#DIGITAL
est sunt dolore,Haley King,#ONLINE
sunt aliquam enim,Virgie Bins,#WIRELESS
cumque et id,Jody Schmidt,#CROSS-PLATFORM
aut molestiae harum,Bailee Sanford,#HAPTIC
libero ex eos,Adell Bayer,#BLUETOOTH
tenetur asperiores est,Miss Rosalind Senger,#MULTI-BYTE
et eveniet debitis,Maybelle Padberg II,#NEURAL
id tenetur inventore,Luz Sipes,#NEURAL
corporis cumque ut,Lessie Bechtelar,#REDUNDANT
sapiente voluptas iusto,Janae Fritsch,#DIGITAL
deleniti libero aliquam,Sven Braun I,#PRIMARY
sed qui sequi,Mr. Retta Legros,#OPEN-SOURCE
et quaerat tenetur,Delta Hackett PhD,#VIRTUAL
dolore doloribus sit,Mertie Ernser,#ONLINE
ea amet accusantium,Estevan Blanda,#AUXILIARY
neque enim quaerat,Walker Hudson,#OPEN-SOURCE
earum quisquam ut,Clementina Terry,#DIGITAL
dolorem quis repellat,Claudie Reynolds,#DIGITAL
quas eos quidem,Franz Zboncak,#MOBILE
sit delectus quia,Genevieve Hayes,#MULTI-BYTE
praesentium dolore ad,Ruby Schuppe,#WIRELESS
quis consequatur eligendi,Ford Schoen,#CROSS-PLATFORM
veritatis aspernatur nesc,Constantin Bartoletti,#ONLINE
delectus rem aut,Coy Veum,#AUXILIARY
illum possimus sunt,Barbara Harvey,#1080P
debitis nobis est,Alan Cronin,#DIGITAL
tempora incidunt tempora,Miss Adrain MacGyver,#AUXILIARY
tenetur ipsa magnam,Kelton Haag,#OPEN-SOURCE
earum incidunt aspernatur,Percy Blanda,#OPEN-SOURCE
officia et dolorem,Ceasar Yundt,#OPTICAL
sed maxime aut,Jedidiah Runolfsson,#MOBILE
nam qui et,Brisa Nienow Jr.,#MULTI-BYTE
consequatur aut labore,Willard Schmitt,#AUXILIARY
voluptatem odio sunt,Josiane Schuppe,#BLUETOOTH
et deleniti cumque,Adolfo Treutel,#NEURAL
optio nobis hic,Mrs. Aditya Effertz,#ONLINE
non enim odio,Harry Dicki,#SOLID STATE
nemo quam dolor,Modesta Schmeler MD,#BACK-END
nisi dolorum at,Eden Fadel,#BLUETOOTH
praesentium accusamus des,Emie Tremblay,#BACK-END
sint odio et,Elvie Dietrich,#SOLID STATE
similique qui voluptatibu,Jake Lynch,#CROSS-PLATFORM
iusto ut sint,Theron Gaylord,#AUXILIARY
occaecati ex fugiat,Velda Stoltenberg,#ONLINE
enim quaerat voluptas,Lucinda Hickle,#1080P
temporibus consectetur no,Adell Rogahn,#CROSS-PLATFORM
est numquam necessitatibu,Damien Runte,#OPEN-SOURCE
ut nostrum voluptatem,Lavinia Effertz,#BACK-END
earum incidunt eveniet,Nickolas Williamson,#DIGITAL
quia non quaerat,Ronaldo Heathcote,#WIRELESS
ut qui atque,Stephanie Dach,#VIRTUAL
fugit quibusdam placeat,Pinkie Botsford,#OPTICAL
dolore vitae perspiciatis,Miss Ashly Predovic,#CROSS-PLATFORM
mollitia nesciunt digniss,Gay Schuppe,#MULTI-BYTE
fugiat autem est,Maria Murphy II,#NEURAL
voluptas eos ratione,Hudson Howell,#REDUNDANT
voluptas tempora sunt,Laisha Lehner,#BACK-END
exercitationem excepturi ,Ari Ortiz,#VIRTUAL
pariatur qui nesciunt,Lionel Adams,#PRIMARY
quis eos et,Uriah Doyle,#HAPTIC
totam tempora molestiae,Isaac McGlynn,#BACK-END
aut doloremque rem,Annamarie Greenholt,#PRIMARY
amet labore doloremque,Kelly Jast,#VIRTUAL
id consequatur quis,Milton Lind,#HAPTIC
velit impedit architecto,Vilma McLaughlin,#MULTI-BYTE
facere reprehenderit quo,Lila Stoltenberg,#OPEN-SOURCE
aliquid ipsum ducimus,Erin Romaguera V,#HAPTIC
soluta non numquam,Kamren Casper III,#VIRTUAL
excepturi rerum qui,Wallace Goyette,#OPTICAL
velit vel quae,Mr. Lyda Walsh,#1080P
voluptates consectetur te,Maude Kuphal,#OPTICAL
voluptatem ut molestias,Denis Leffler,#REDUNDANT
ad et quae,Kody Cormier,#NEURAL
quis enim dignissimos,Leland Lockman,#REDUNDANT
officiis autem ea,Stephan Stark,#MULTI-BYTE
harum exercitationem sed,Brianne Johns,#CROSS-PLATFORM
dolor possimus deserunt,Kale Spinka Jr.,#BLUETOOTH
cumque et id,Filomena Stokes,#OPEN-SOURCE
itaque sunt deserunt,Alene Thiel,#CROSS-PLATFORM
enim ducimus exercitation,Herta Schmidt,#NEURAL
qui fugit aut,Ms. Samson Marquardt,#MOBILE
neque numquam dolores,Mr. Maudie Zboncak,#CROSS-PLATFORM
consequatur commodi volup,Creola Fisher MD,#CROSS-PLATFORM
ut omnis tempore,Aniya Cole,#MULTI-BYTE
sint id et,Valentine Bashirian,#ONLINE
accusantium et et,Maegan Anderson,#1080P
aut quo aut,Danika Goodwin,#HAPTIC
velit quidem ipsum,Oliver Reichel,#1080P
similique blanditiis volu,Zoe Wilkinson,#MULTI-BYTE
maiores in ipsa,Adele Walter,#VIRTUAL
dolorem dolores ut,Carli Goldner,#REDUNDANT
quo consequatur neque,Ward Kutch,#PRIMARY
natus sunt nam,Mathias Quigley,#OPTICAL
recusandae ut voluptatibu,Janis Gutkowski,#CROSS-PLATFORM
doloribus atque eveniet,Grant Grant,#PRIMARY
reprehenderit nostrum et,Juwan Keebler,#OPEN-SOURCE
ut consectetur ullam,Osborne Kunze,#1080P
corrupti beatae maxime,Anabelle Goodwin I,#VIRTUAL
repellendus ipsam maxime,Nikolas Dare,#CROSS-PLATFORM
quo at perferendis,Dustin Mante,#AUXILIARY
debitis doloribus quae,Luigi Greenfelder,#OPEN-SOURCE
atque sit vitae,Pinkie Bins,#PRIMARY
sed nulla molestias,Enrico Berge,#MOBILE
mollitia voluptas et,Mrs. Adah Corkery,#WIRELESS
iste rerum velit,Mr. Addison Hane,#OPTICAL
sit neque aut,Bernita Lubowitz IV,#1080P
quis id quia,Ewell Gerlach,#REDUNDANT
et accusamus a,Anabelle Macejkovic,#1080P
aut magnam omnis,Jordy Ferry,#1080P
eum incidunt corrupti,Samson Kutch,#1080P
eligendi quas saepe,Casimer Dare,#OPEN-SOURCE
ipsam veritatis placeat,Royal Romaguera PhD,#NEURAL
amet delectus nihil,Miss Rosanna Wyman,#WIRELESS
fuga facere dolorem,Isac Johns,#NEURAL
accusantium ipsa facere,Maud Goyette,#MOBILE
doloribus alias mollitia,Adam Mayer,#MOBILE
unde et maiores,John Oberbrunner,#MULTI-BYTE
quis iure et,Deanna Mayer Sr.,#HAPTIC
ad libero ullam,Francesco Stroman,#MULTI-BYTE
optio vitae amet,Norwood Veum,#1080P
nulla rerum ad,Keira Brown,#NEURAL
in praesentium nisi,Mr. Etha Gorczany,#ONLINE
aut animi omnis,Tess Stehr,#REDUNDANT
ut aliquam aut,Sydnie Rodriguez Sr.,#PRIMARY
quia et corrupti,Fermin Cremin,#ONLINE
eos ea non,Mrs. Chelsie Okuneva,#1080P
rem atque est,Megane Howell,#REDUNDANT
reiciendis animi unde,Cassidy Zemlak,#OPTICAL
quo aut dolore,Keshawn Baumbach,#DIGITAL
ducimus accusamus asperio,Mr. Eleanora Zieme,#MULTI-BYTE
error doloribus dolor,Rozella O'Keefe,#WIRELESS
qui sint non,Fidel Roberts,#BLUETOOTH
nihil veritatis reprehend,Jordan McGlynn,#REDUNDANT
aut commodi et,Pietro Leannon,#VIRTUAL
labore tempore quia,Maye Collier,#VIRTUAL
explicabo deserunt autem,Dr. Electa Yost,#HAPTIC
tenetur voluptate consequ,Miss Murl Turcotte,#WIRELESS
molestiae suscipit nihil,Belle Senger,#SOLID STATE
ducimus ab incidunt,Emely Dach,#SOLID STATE
dolor et eveniet,Janie Howell,#BACK-END
quos corporis deleniti,Elvie Nikolaus,#SOLID STATE
ab quis dolorum,Raymond Cartwright III,#REDUNDANT
temporibus quo qui,Devin Klocko,#ONLINE
dignissimos in nobis,Eldred Murazik,#REDUNDANT
voluptas velit soluta,Shanelle Okuneva,#DIGITAL
rerum itaque incidunt,Bernardo Stiedemann,#CROSS-PLATFORM
quam nihil velit,Dr. Erwin Bosco,#SOLID STATE
sint sapiente quidem,Mr. Enrico Thompson,#OPTICAL
et ut soluta,Dax Kemmer,#BACK-END
ipsum laborum et,Diamond Goodwin,#MULTI-BYTE
dolore qui reiciendis,Kevon Hirthe,#WIRELESS
magni eum doloribus,Edison Borer,#CROSS-PLATFORM
necessitatibus ipsa non,Gayle Ledner,#HAPTIC
voluptas sed facilis,Rahsaan Gerhold,#BACK-END
quaerat qui aperiam,Ashley Weimann,#REDUNDANT
architecto quia adipisci,Lester Balistreri,#OPTICAL
a reiciendis error,Magnus Mann,#AUXILIARY
odit dolorem quod,Webster Hammes,#1080P
mollitia et aut,Elissa Hickle,#BACK-END
sed necessitatibus deleni,Elvie Boyer,#NEURAL
dolorem exercitationem li,Evie Fisher,#BACK-END
numquam ea voluptate,Queenie Wiegand,#NEURAL
quia aut eum,Luciano McDermott,#OPTICAL
quos iusto vel,Edgardo Marvin I,#HAPTIC
modi culpa non,Rasheed Kreiger,#BACK-END
quia dolorem explicabo,Miss Jensen Herman,#REDUNDANT
cum delectus ea,Hilbert Gulgowski MD,#AUXILIARY
laudantium est sapiente,Leann Funk,#AUXILIARY
delectus facilis voluptas,Mckenzie Ferry,#DIGITAL
nulla qui iusto,Cyrus Vandervort,#CROSS-PLATFORM
commodi ad pariatur,Mr. Nick Wuckert,#BLUETOOTH
ratione ea ratione,Miss Adelbert Lubowitz,#NEURAL
et nemo dolorem,Sandra Hammes,#PRIMARY
consequatur consequatur a,Mossie Homenick,#DIGITAL
quibusdam dolores eum,Sigrid Ryan,#WIRELESS
expedita doloribus pariat,Cheyanne Grimes,#SOLID STATE
totam aut eos,Emerald Veum,#ONLINE
architecto dicta et,Makenna Parker,#PRIMARY
eveniet et asperiores,Roma Schinner,#OPEN-SOURCE
rerum at illo,Robyn Cronin,#NEURAL
aut quidem quo,Lane Bruen DDS,#DIGITAL
rem dolor dolore,Minnie Shanahan,#BLUETOOTH
asperiores enim incidunt,Tyson Littel,#OPEN-SOURCE
labore aut possimus,Mr. Aric Bosco,#HAPTIC
animi qui quasi,Grady Baumbach,#REDUNDANT
dolore eveniet nihil,June Funk,#HAPTIC
itaque illo omnis,Dayne Jaskolski,#VIRTUAL
velit doloribus non,Trycia Sporer II,#MULTI-BYTE
rerum sed voluptate,Vivienne MacGyver,#REDUNDANT
quis sunt nulla,Nya Ritchie,#NEURAL
blanditiis nihil et,Javier Ward,#ONLINE
expedita numquam vero,Florida Schulist,#NEURAL
eveniet repudiandae illum,Stephen Schamberger,#BLUETOOTH
est similique excepturi,Breanna Zulauf,#HAPTIC
maxime sed ipsam,Phoebe Gulgowski,#1080P
consectetur iure qui,Leilani Hoeger,#NEURAL
impedit rerum incidunt,Cullen Auer,#PRIMARY
natus veritatis optio,Peggie Schowalter,#BLUETOOTH
totam quis quidem,Trycia Terry,#MOBILE
mollitia magni beatae,Selina Heathcote,#WIRELESS
repellendus possimus eaqu,Dr. Jamar Corwin,#NEURAL
enim accusantium animi,Ceasar Mitchell,#HAPTIC
illo sed doloribus,Lilian Hayes,#SOLID STATE
dolores aliquid minima,Ms. Quentin Gleichner,#BACK-END
et quia architecto,Erick Roberts,#PRIMARY
non qui dolor,Ms. Patience Ruecker,#MOBILE
provident molestias omnis,Santina Frami,#ONLINE
quasi et necessitatibus,Cheyanne Marquardt,#ONLINE
veniam ullam et,Jadon Will,#CROSS-PLATFORM
quo suscipit unde,Miss Gregorio Gorczany,#DIGITAL
voluptatem ratione omnis,Tyrel Hamill,#SOLID STATE
perspiciatis non molestia,Judah Kiehn,#1080P
vel esse officiis,Helen Buckridge,#VIRTUAL
minus velit voluptatum,Macie Reinger,#BLUETOOTH
enim neque sed,Kendrick Koch I,#BLUETOOTH
qui aliquam sit,Mr. Derrick Yundt,#VIRTUAL
facilis deleniti earum,Brian Rau,#BLUETOOTH
nostrum quis est,Jess Klocko,#VIRTUAL
soluta odio ea,Giles Sauer,#DIGITAL
est aut officiis,Ms. Blaise Bradtke,#BLUETOOTH
voluptatem ab qui,Eloisa Kuhn,#OPTICAL
accusamus molestias vero,Dr. Samanta McDermott,#ONLINE
maiores qui doloremque,Maurice Adams,#PRIMARY
atque maxime optio,Napoleon Hintz,#MULTI-BYTE
aut facere rerum,Elise Dicki,#OPTICAL
sit distinctio aut,Calista Prosacco,#MULTI-BYTE
aperiam quaerat blanditii,Gaylord Ryan,#SOLID STATE
quisquam sapiente officia,Zoey Mills,#ONLINE
provident nemo omnis,Keely Kassulke,#1080P
rerum voluptatem ut,Carolina Graham,#CROSS-PLATFORM
nihil qui autem,Lyric Hyatt,#BLUETOOTH
tempore incidunt id,Dr. Monroe Schaden,#NEURAL
ea facere eius,Reyes Altenwerth DVM,#SOLID STATE
voluptatum quos quae,Mr. Wilhelmine Cremin,#WIRELESS
nisi dolores autem,Mathew Fay,#PRIMARY
fugiat veniam magni,Mrs. Fabiola Pfeffer,#MULTI-BYTE
omnis inventore corporis,Paris Pagac,#WIRELESS
voluptatem in iusto,Alycia Eichmann PhD,#DIGITAL
debitis occaecati officia,Keagan Bechtelar,#AUXILIARY
enim corporis blanditiis,Deja Boehm,#HAPTIC
sit nostrum necessitatibu,Dane Gottlieb,#WIRELESS
esse laudantium voluptate,Mr. Derick Keeling,#VIRTUAL
consequatur molestias sol,Dasia Spinka,#OPEN-SOURCE
cum sint at,Jacky Satterfield PhD,#OPTICAL
quasi quasi omnis,Aimee Aufderhar,#MULTI-BYTE
in sunt pariatur,Julio Bernhard,#OPEN-SOURCE
odit et temporibus,Eudora MacGyver,#1080P
quia non dolor,Helen Grimes I,#SOLID STATE
voluptas eum odio,Hiram Cummings,#ONLINE
vel est ea,Van Bins,#SOLID STATE
voluptatem qui autem,Gust Mann,#BLUETOOTH
similique aut natus,Dan Gutkowski,#ONLINE
officiis sit molestias,Nelle Roberts,#DIGITAL
omnis perferendis ut,Caitlyn Ferry,#SOLID STATE
et a fugit,Nicola Klocko,#HAPTIC
tempore eos et,Flavio Armstrong,#OPEN-SOURCE
sed rerum qui,Addison Barton,#REDUNDANT
est ratione veniam,Tanya Ernser,#CROSS-PLATFORM
nostrum voluptatem conseq,Nova Okuneva,#OPEN-SOURCE
amet omnis nostrum,Arvilla Barrows,#BLUETOOTH
est praesentium commodi,Delores Romaguera,#VIRTUAL
culpa libero quibusdam,Katlyn Torphy Jr.,#BACK-END
et quo possimus,Orpha Stiedemann,#1080P
in perferendis vitae,Brendon Vandervort,#OPTICAL
quod rerum rem,Vinnie Marquardt,#MULTI-BYTE
architecto magni beatae,Jacinto Cole,#OPEN-SOURCE
rem repellat voluptates,Gayle Ziemann PhD,#OPEN-SOURCE
ullam necessitatibus aute,Jude Reynolds,#AUXILIARY
accusamus quos explicabo,Alexie Considine,#NEURAL
illum qui et,Roselyn Collier,#MULTI-BYTE
vel reprehenderit ut,Mozelle Lueilwitz,#HAPTIC
maiores ad ducimus,Elvie Ernser,#OPEN-SOURCE
ut consequuntur et,Reggie Fisher,#OPEN-SOURCE
quia quasi minus,Gail Leannon,#ONLINE
nisi et aliquam,Ebba Emard Sr.,#OPTICAL
magnam ut quibusdam,Jennie Anderson,#WIRELESS
magni dicta incidunt,Tomasa D'Amore,#SOLID STATE
laboriosam aliquid eos,Landen Barton,#AUXILIARY
ad cum aliquid,Louvenia Frami,#PRIMARY
quia hic explicabo,Flossie Murazik,#HAPTIC
in totam quisquam,Hertha Waelchi,#VIRTUAL
qui ut illo,Zion Berge,#WIRELESS
architecto reprehenderit ,Israel Terry,#MOBILE
quisquam a pariatur,Gerry Von,#MULTI-BYTE
voluptatem accusantium qu,Darron O'Conner PhD,#MOBILE
maiores autem velit,Ariane Parisian MD,#CROSS-PLATFORM
libero iste aut,Verla Donnelly,#CROSS-PLATFORM
sunt non voluptatem,Daphne Morar,#WIRELESS
debitis deleniti dignissi,Dr. Amina Casper,#VIRTUAL
esse saepe recusandae,Madalyn Kohler MD,#PRIMARY
quis veniam ducimus,Norris Lueilwitz,#NEURAL
modi minus totam,Nichole Wyman,#1080P
consequuntur sed et,Fannie Murray,#OPTICAL
laboriosam odio at,Wendy Gerlach,#WIRELESS
eos et aut,Ms. Brandi Bailey,#VIRTUAL
magnam distinctio saepe,Elouise Tromp,#REDUNDANT
ea voluptatem culpa,Miss Chloe Lubowitz,#DIGITAL
repellendus ratione et,Marcelle Lind,#REDUNDANT
temporibus debitis vel,Marley Stiedemann III,#WIRELESS
atque dolor eos,Phoebe Ankunding IV,#WIRELESS
incidunt excepturi ea,Ola Schaefer,#PRIMARY
et culpa et,Jenifer Reynolds,#ONLINE
ea error ipsam,Dr. Kellen Predovic,#HAPTIC
qui a vitae,Melisa O'Connell,#1080P
deserunt architecto imped,Payton Schuster,#CROSS-PLATFORM
odio nemo consequuntur,Neva Medhurst DVM,#MULTI-BYTE
minima quia autem,Lawson Lehner,#BLUETOOTH
voluptatem voluptatem neq,Lillie Hegmann,#WIRELESS
sit ut officiis,Elyssa Funk,#REDUNDANT
est odio porro,Skye Adams DVM,#VIRTUAL
aspernatur sunt est,Jerrell Hagenes,#NEURAL
tempore alias rerum,Angel Pacocha,#HAPTIC
dolorem vitae molestiae,Mafalda Raynor,#ONLINE
nesciunt qui ut,Zora Harvey,#1080P
minima aperiam perspiciat,Elta Hermann,#PRIMARY
in iusto ut,Samara Walter,#OPTICAL
enim et velit,Josie Kerluke,#PRIMARY
rem eaque ut,Cristina Oberbrunner,#NEURAL
sint nesciunt laudantium,Emery Wisoky,#PRIMARY
quia sed est,Delfina Abernathy DDS,#ONLINE
fuga id earum,Furman Haag,#HAPTIC
ratione rem enim,Ebba Fay,#REDUNDANT
doloremque in voluptatibu,Shea Hegmann DDS,#MULTI-BYTE
quaerat aspernatur et,Meda Cruickshank,#CROSS-PLATFORM
qui dolorem ducimus,Antonio Grimes,#BACK-END
commodi quia voluptates,Zoey Walker,#VIRTUAL
atque dolor natus,Jay Schroeder,#1080P
saepe iusto neque,Dr. Juanita Welch,#REDUNDANT
voluptatem molestias opti,Mavis Sanford,#BACK-END
architecto corrupti est,Weldon Rosenbaum DDS,#DIGITAL
fuga qui et,Mr. Eldred Gaylord,#OPEN-SOURCE
beatae iste quam,Abigayle Reinger,#MULTI-BYTE
dolorum adipisci dignissi,Green Russel,#BLUETOOTH
fugit rerum quis,Mrs. Anais Stiedemann,#SOLID STATE
et ut ut,Sally Pagac,#ONLINE
voluptas minima in,Eloy Maggio,#HAPTIC
aliquam in est,Freddy Reynolds,#OPEN-SOURCE
ipsum atque velit,Berta Sauer,#OPEN-SOURCE
aut quo nulla,Mafalda Breitenberg,#BLUETOOTH
alias atque explicabo,Miss Verna Miller,#BLUETOOTH
et aut delectus,Claude Morar MD,#NEURAL
amet nostrum vel,Roosevelt Pacocha,#SOLID STATE
dicta sapiente iusto,Alysson Hessel,#DIGITAL
voluptatem deserunt archi,Annie Mante,#SOLID STATE
architecto qui voluptas,Whitney Goodwin,#CROSS-PLATFORM
repellat ea ipsum,Robb Nikolaus,#VIRTUAL
dolorum quo blanditiis,Amir Kuphal,#1080P
esse laboriosam eos,Kathryn Rosenbaum,#MULTI-BYTE
necessitatibus ut tempori,Raul Haley,#AUXILIARY
quo repellat perspiciatis,Miss Destin Daniel,#CROSS-PLATFORM
molestiae et vel,Carey Kuhlman,#VIRTUAL
ad atque voluptatem,Halle Kautzer,#ONLINE
saepe hic est,Angie Hills,#PRIMARY
non velit mollitia,Leonardo Cremin Sr.,#OPTICAL
est est dicta,Tressa Murray,#MULTI-BYTE
et voluptas est,Bessie Hagenes,#OPTICAL
alias rerum quia,Brisa Lindgren,#WIRELESS
voluptatem ut itaque,Dr. Jarrod Rice,#BACK-END
necessitatibus culpa qui,Virgil Lueilwitz I,#MULTI-BYTE
qui ipsum et,Fletcher Smitham,#NEURAL
voluptas quos ut,Irving Cummerata DDS,#WIRELESS
omnis temporibus eum,Asha Brown,#AUXILIARY
magni voluptates quaerat,Danielle Jast,#PRIMARY
hic maxime et,Zoila Buckridge,#1080P
quam qui ad,Zora Heller,#HAPTIC
quos sed quod,Ms. Van Schiller,#BACK-END
et provident quo,Jaylon Bode,#CROSS-PLATFORM
mollitia non numquam,Braden Kihn,#BLUETOOTH
magnam veritatis aut,Seth Ernser,#HAPTIC
vel delectus iste,Eulah Stamm,#MULTI-BYTE
minima voluptas dolorem,Gertrude Jenkins,#OPEN-SOURCE
dolorem tempore ratione,Maci Davis,#SOLID STATE
eum hic labore,Eddie Wisoky IV,#AUXILIARY
harum accusantium vel,Mr. Maya Reilly,#BLUETOOTH
qui expedita in,Victor Fisher V,#AUXILIARY
delectus modi voluptates,Kaitlin McClure DDS,#NEURAL
maiores enim repellat,Cloyd Ryan,#DIGITAL
quis aspernatur animi,Ms. Elsie Krajcik,#REDUNDANT
rerum culpa quisquam,Demond Nolan,#HAPTIC
officiis natus consequatu,Angeline Abernathy,#BLUETOOTH
et possimus consequatur,Danial Metz,#1080P
omnis vel sapiente,Edmond Rogahn,#MOBILE
est inventore enim,Sid Lebsack,#HAPTIC
ut eveniet ab,Julius Corkery,#BLUETOOTH
aut quia aperiam,Preston Schuster,#BACK-END
fugit nisi natus,Carissa Weimann,#HAPTIC
quis reprehenderit porro,Francis Leannon,#BACK-END
consequuntur fuga et,Darren Gleichner,#OPTICAL
occaecati nostrum reicien,Braulio Harris,#WIRELESS
at odit enim,Alicia Runolfsdottir,#OPEN-SOURCE
aperiam repellendus et,Dr. Lysanne Jast,#OPTICAL
quis eos fuga,Eddie Predovic,#WIRELESS
occaecati tenetur provide,Hassan Ledner MD,#1080P
aperiam autem laborum,Julia Stoltenberg,#CROSS-PLATFORM
dicta nisi iusto,Enola Ward II,#REDUNDANT
officia quia dolorem,Ramon DuBuque,#PRIMARY
enim nostrum quos,Warren Maggio Jr.,#HAPTIC
est inventore facilis,Jazlyn Monahan,#1080P
eos saepe eveniet,Casey Toy,#NEURAL
quo ipsam quae,Kyra Metz,#VIRTUAL
et veritatis et,Trent Hand,#MULTI-BYTE
quia nulla error,Stephen Ortiz,#PRIMARY
sapiente sunt et,Yvette Treutel,#ONLINE
laborum nihil numquam,Shaun Schaefer,#NEURAL
ut aut odit,Flavio Greenholt V,#VIRTUAL
et est blanditiis,Mrs. Santina Towne,#AUXILIARY
qui et omnis,Katharina Lueilwitz,#VIRTUAL
quidem deserunt quibusdam,Kaden Cassin,#BACK-END
laborum ea cupiditate,Jamie Kuhic II,#BLUETOOTH
porro ut blanditiis,Adelbert Schowalter,#OPTICAL
autem suscipit molestias,Wilhelmine Cole,#HAPTIC
nihil nihil dolores,Yolanda Nitzsche,#CROSS-PLATFORM
aperiam maxime exercitati,Brandyn Koelpin PhD,#CROSS-PLATFORM
aut et cumque,Tyrese Hintz,#1080P
fugiat tempore hic,Ethyl Gorczany DVM,#OPTICAL
est veniam voluptas,Annie Osinski,#VIRTUAL
sint vel ipsam,Yasmin Balistreri,#BLUETOOTH
blanditiis pariatur moles,Idell Jacobs,#WIRELESS
sed a hic,Jerad Bradtke,#MOBILE
voluptas aut omnis,Gerson Keeling,#DIGITAL
ex quaerat velit,Hillard Schaefer,#BLUETOOTH
quo mollitia ad,Nikki Lang,#MOBILE
illum maiores similique,Colby Hintz,#MOBILE
consectetur iusto vitae,Mckenzie Reynolds,#MULTI-BYTE
consequatur debitis quia,Wilburn Heidenreich,#ONLINE
voluptas maiores consequa,Ms. Samir Carroll,#VIRTUAL
pariatur dolore accusamus,Pearline Labadie PhD,#ONLINE
hic inventore ut,Dr. Ben Friesen,#PRIMARY
sed ullam non,Declan Fritsch,#MOBILE
numquam dolore tenetur,Mrs. Claude Halvorson,#1080P
neque exercitationem ab,Grayce Zboncak,#CROSS-PLATFORM
vel iure non,Miss Rebekah Bednar,#ONLINE
dolores eligendi qui,Emory Kemmer,#NEURAL
quibusdam est sit,Sylvan Waelchi,#MULTI-BYTE
fugiat repellendus ut,Jarod Huel,#SOLID STATE
dignissimos iure voluptat,Walker Fritsch,#REDUNDANT
ut odio rerum,Mr. Mara Jacobs,#OPEN-SOURCE
quae ea quasi,Nola Hamill,#REDUNDANT
rerum corrupti doloremque,Alexis Okuneva,#WIRELESS
voluptatibus voluptas ab,Seamus Reichel,#BLUETOOTH
ipsum quia eum,Daija White,#PRIMARY
ratione rerum est,Clare Hauck,#NEURAL
nostrum velit iusto,Caitlyn Block,#REDUNDANT
quia commodi enim,Claudie Dach,#PRIMARY
quo consequuntur non,Uriah Robel Jr.,#OPEN-SOURCE
aliquid repudiandae cupid,Conrad Kunze,#MOBILE
porro doloremque omnis,Van Herman,#AUXILIARY
consequuntur dolorem et,Lenna Hamill,#NEURAL
necessitatibus dignissimo,Mrs. Margarita Veum,#OPEN-SOURCE
dolorum amet est,Chloe Brakus,#REDUNDANT
iure et est,Roxanne Morissette,#BLUETOOTH
expedita suscipit dolorem,Nova Larkin,#HAPTIC
voluptates et voluptas,Cindy Paucek,#SOLID STATE
atque voluptate quae,Raven Weimann,#SOLID STATE
veniam dolor sapiente,Jaydon Hackett,#BLUETOOTH
non voluptas et,Patrick O'Connell,#DIGITAL
qui nam voluptatem,America McLaughlin,#VIRTUAL
qui veritatis minima,Wayne Marks II,#SOLID STATE
natus nulla et,Miss Jeanette Schoen,#DIGITAL
qui ex libero,Coby Barton,#OPTICAL
unde qui quo,Dr. Emil Gutmann,#PRIMARY
excepturi ratione itaque,Amira Muller,#ONLINE
sed sapiente ea,Osbaldo Bartoletti,#OPTICAL
sed sunt fuga,Ms. Rebekah Barrows,#DIGITAL
aut magnam molestiae,Nettie Koss,#MULTI-BYTE
suscipit deserunt nihil,Adaline Raynor,#SOLID STATE
perspiciatis ut reiciendi,Jovani Blick,#OPEN-SOURCE
deserunt dolores similiqu,Garnett Ankunding,#AUXILIARY
corporis et aliquid,Kaley Hahn,#REDUNDANT
perferendis molestias cum,Pete Reichel,#AUXILIARY
ut tenetur vel,Stephanie Heathcote,#1080P
iste quia reiciendis,Burdette Grimes Sr.,#DIGITAL
laborum sit et,Pansy Tromp,#MOBILE
cupiditate laborum beatae,Zoey Herzog,#1080P
voluptatem illo necessita,Alvah Baumbach,#BLUETOOTH
eligendi minus ex,Crystel Bailey,#SOLID STATE
beatae et quia,Delpha Heathcote DVM,#MULTI-BYTE
sed non fuga,Melvin Turcotte,#BLUETOOTH
cumque omnis dolores,Zoe Swift,#REDUNDANT
ullam tempore pariatur,Lucy Bernhard,#MOBILE
praesentium et voluptas,Dell Abshire,#VIRTUAL
unde soluta cum,Mrs. Leland Luettgen,#BLUETOOTH
labore ab repellendus,Mrs. Marcelle Mann,#1080P
qui et iste,Raven Gleichner,#SOLID STATE
qui dolore et,Erica Abernathy DVM,#OPTICAL
minus fugit ex,Adrianna Jakubowski Jr.,#NEURAL
non est cumque,Vivien Prohaska,#DIGITAL
blanditiis et est,Mae Heathcote,#PRIMARY
eligendi est cumque,Juana Gerhold,#BLUETOOTH
sed sed et,Kian Wilkinson,#ONLINE
aut eius perferendis,Ms. Marisol Fahey,#NEURAL
