Miss Julio Runolfsson,Maine San Marino,https://s3.amazonaws.com/uifaces/faces/twitter/m_kalibry/128.jpg
Kelton Little,Florida Philippines,https://s3.amazonaws.com/uifaces/faces/twitter/michzen/128.jpg
Christelle Hackett,New York Cook Islands,https://s3.amazonaws.com/uifaces/faces/twitter/jennyyo/128.jpg
Queenie Marvin,New Jersey Liechtenstein,https://s3.amazonaws.com/uifaces/faces/twitter/dc_user/128.jpg
Meghan Stehr PhD,Arkansas Lithuania,https://s3.amazonaws.com/uifaces/faces/twitter/tbakdesigns/128.jpg
Kamron Ullrich,Rhode Island Kuwait,https://s3.amazonaws.com/uifaces/faces/twitter/bublienko/128.jpg
Mr. Naomi Hammes,Wisconsin Italy,https://s3.amazonaws.com/uifaces/faces/twitter/jydesign/128.jpg
Mrs. Percy Bednar,Utah Martinique,https://s3.amazonaws.com/uifaces/faces/twitter/franciscoamk/128.jpg
Isaac Kerluke,Arkansas Portugal,https://s3.amazonaws.com/uifaces/faces/twitter/ateneupopular/128.jpg
Wilhelm Wilkinson,Minnesota Belgium,https://s3.amazonaws.com/uifaces/faces/twitter/joshuasortino/128.jpg
Amaya Johns,Texas Ethiopia,https://s3.amazonaws.com/uifaces/faces/twitter/krystalfister/128.jpg
Diego Dooley,Massachusetts Taiwan,https://s3.amazonaws.com/uifaces/faces/twitter/nvkznemo/128.jpg
Benton Renner,Utah Malawi,https://s3.amazonaws.com/uifaces/faces/twitter/marcobarbosa/128.jpg
Freida Konopelski,Minnesota Macedonia,https://s3.amazonaws.com/uifaces/faces/twitter/meelford/128.jpg
Malachi Wintheiser Jr.,Pennsylvania Falkland Isl,https://s3.amazonaws.com/uifaces/faces/twitter/danmartin70/128.jpg
Pattie Barrows,Wisconsin Paraguay,https://s3.amazonaws.com/uifaces/faces/twitter/kurafire/128.jpg
Ms. Heber Mraz,Pennsylvania Australia,https://s3.amazonaws.com/uifaces/faces/twitter/christianoliff/128.jpg
Mr. Maida Larson,Georgia Serbia,https://s3.amazonaws.com/uifaces/faces/twitter/oksanafrewer/128.jpg
Danny Botsford,Minnesota Pitcairn Island,https://s3.amazonaws.com/uifaces/faces/twitter/justinrhee/128.jpg
Peggie Littel,West Virginia Palau,https://s3.amazonaws.com/uifaces/faces/twitter/logorado/128.jpg
Joshuah Bednar,South Dakota Japan,https://s3.amazonaws.com/uifaces/faces/twitter/oscarowusu/128.jpg
Una Daniel,Oklahoma Palestinian Terr,https://s3.amazonaws.com/uifaces/faces/twitter/pifagor/128.jpg
Ms. Brandyn Lind,Utah Guinea-Bissau,https://s3.amazonaws.com/uifaces/faces/twitter/uxpiper/128.jpg
Pierre Gaylord,Florida Puerto Rico,https://s3.amazonaws.com/uifaces/faces/twitter/dnezkumar/128.jpg
Allene Hand,North Carolina Fiji,https://s3.amazonaws.com/uifaces/faces/twitter/joetruesdell/128.jpg
Melisa Kuhic,Indiana Barbados,https://s3.amazonaws.com/uifaces/faces/twitter/jefffis/128.jpg
Felicity Adams,Arizona Lesotho,https://s3.amazonaws.com/uifaces/faces/twitter/dannol/128.jpg
Germaine Mraz,Montana Zimbabwe,https://s3.amazonaws.com/uifaces/faces/twitter/davidcazalis/128.jpg
Jovany Ratke,Iowa Virgin Islands, Brit,https://s3.amazonaws.com/uifaces/faces/twitter/madebyvadim/128.jpg
Rick Douglas,Connecticut Lao People's ,https://s3.amazonaws.com/uifaces/faces/twitter/fotomagin/128.jpg
Columbus Fahey,South Dakota Ecuador,https://s3.amazonaws.com/uifaces/faces/twitter/pyronite/128.jpg
Antonetta Crist,Hawaii Belize,https://s3.amazonaws.com/uifaces/faces/twitter/jordyvdboom/128.jpg
Sandrine Volkman,Tennessee Hong Kong,https://s3.amazonaws.com/uifaces/faces/twitter/kanickairaj/128.jpg
Nicholas Abbott,Montana Israel,https://s3.amazonaws.com/uifaces/faces/twitter/mr_shiznit/128.jpg
Lilyan Kuhic,Alaska Albania,https://s3.amazonaws.com/uifaces/faces/twitter/suribbles/128.jpg
Colleen Jaskolski,Maryland New Zealand,https://s3.amazonaws.com/uifaces/faces/twitter/ehsandiary/128.jpg
Loma Kessler,Colorado Heard Island and,https://s3.amazonaws.com/uifaces/faces/twitter/newbrushes/128.jpg
Bill Jacobi PhD,Louisiana Equatorial Guin,https://s3.amazonaws.com/uifaces/faces/twitter/weavermedia/128.jpg
Bella McClure,Hawaii Philippines,https://s3.amazonaws.com/uifaces/faces/twitter/cherif_b/128.jpg
Kali Cremin,Kansas Holy See (Vatican ,https://s3.amazonaws.com/uifaces/faces/twitter/themrdave/128.jpg
German Gulgowski,Rhode Island Liechtenstei,https://s3.amazonaws.com/uifaces/faces/twitter/prrstn/128.jpg
Gerson Lakin,Montana Cambodia,https://s3.amazonaws.com/uifaces/faces/twitter/dss49/128.jpg
Crawford Durgan,Missouri Lesotho,https://s3.amazonaws.com/uifaces/faces/twitter/alterchuca/128.jpg
Anissa Kris,Rhode Island Bahamas,https://s3.amazonaws.com/uifaces/faces/twitter/goddardlewis/128.jpg
Jedediah Ankunding,Arizona Austria,https://s3.amazonaws.com/uifaces/faces/twitter/danillos/128.jpg
Donna Johns,Mississippi Jordan,https://s3.amazonaws.com/uifaces/faces/twitter/rpatey/128.jpg
Heidi Macejkovic,Indiana Wallis and Futuna,https://s3.amazonaws.com/uifaces/faces/twitter/kolmarlopez/128.jpg
Gregory Armstrong,Virginia South Africa,https://s3.amazonaws.com/uifaces/faces/twitter/overcloacked/128.jpg
Esther Rath,Oregon Timor-Leste,https://s3.amazonaws.com/uifaces/faces/twitter/jamiebrittain/128.jpg
Kaleb Walker,Wisconsin Christmas Islan,https://s3.amazonaws.com/uifaces/faces/twitter/netonet_il/128.jpg
Connor Dibbert,Maine Tanzania,https://s3.amazonaws.com/uifaces/faces/twitter/lepinski/128.jpg
Trace Bailey,Rhode Island Jersey,https://s3.amazonaws.com/uifaces/faces/twitter/soyjavi/128.jpg
Vivian Thiel,South Dakota Vanuatu,https://s3.amazonaws.com/uifaces/faces/twitter/apriendeau/128.jpg
Jace Prosacco,Iowa Tajikistan,https://s3.amazonaws.com/uifaces/faces/twitter/peterlandt/128.jpg
Hailee Sporer,North Dakota Japan,https://s3.amazonaws.com/uifaces/faces/twitter/nemanjaivanovic/128.jpg
Miss Tatyana Tremblay,Maine Myanmar,https://s3.amazonaws.com/uifaces/faces/twitter/thewillbeard/128.jpg
Naomie Conn,Kansas Swaziland,https://s3.amazonaws.com/uifaces/faces/twitter/sunshinedgirl/128.jpg
Edwardo Hayes,Rhode Island Saudi Arabia,https://s3.amazonaws.com/uifaces/faces/twitter/a_brixen/128.jpg
Nora Effertz,Alabama Cote d'Ivoire,https://s3.amazonaws.com/uifaces/faces/twitter/matt3224/128.jpg
Tracy Kessler,North Dakota Cook Islands,https://s3.amazonaws.com/uifaces/faces/twitter/nacho/128.jpg
Damian Abshire,Alabama Senegal,https://s3.amazonaws.com/uifaces/faces/twitter/rpatey/128.jpg
Adrienne Kilback,Indiana Saint Vincent and,https://s3.amazonaws.com/uifaces/faces/twitter/rangafangs/128.jpg
Bret Beier,Utah Mauritania,https://s3.amazonaws.com/uifaces/faces/twitter/dmackerman/128.jpg
Monserrat Schuppe,Colorado Northern Mariana,https://s3.amazonaws.com/uifaces/faces/twitter/mocabyte/128.jpg
Jimmie Sipes,Maryland Lithuania,https://s3.amazonaws.com/uifaces/faces/twitter/krystalfister/128.jpg
Enola Collier,Wyoming Bosnia and Herzeg,https://s3.amazonaws.com/uifaces/faces/twitter/jeremery/128.jpg
Mariane Reinger,Kentucky Australia,https://s3.amazonaws.com/uifaces/faces/twitter/alterchuca/128.jpg
Gerardo Wolf,Florida Falkland Islands ,https://s3.amazonaws.com/uifaces/faces/twitter/mizhgan/128.jpg
Abagail McDermott,Louisiana Turkmenistan,https://s3.amazonaws.com/uifaces/faces/twitter/AlbertoCococi/128.jpg
Barbara Runolfsdottir,West Virginia Cameroon,https://s3.amazonaws.com/uifaces/faces/twitter/orkuncaylar/128.jpg
Velva Volkman,Oklahoma India,https://s3.amazonaws.com/uifaces/faces/twitter/kkusaa/128.jpg
Jeramie Strosin,Maryland Chile,https://s3.amazonaws.com/uifaces/faces/twitter/geshan/128.jpg
Shannon Towne,Nevada Svalbard & Jan May,https://s3.amazonaws.com/uifaces/faces/twitter/_yardenoon/128.jpg
Mekhi Smith,Colorado Mauritius,https://s3.amazonaws.com/uifaces/faces/twitter/missaaamy/128.jpg
Bell Daniel,Wisconsin Somalia,https://s3.amazonaws.com/uifaces/faces/twitter/malykhinv/128.jpg
Elias Jakubowski,Minnesota Western Sahara,https://s3.amazonaws.com/uifaces/faces/twitter/xtopherpaul/128.jpg
Alfred Toy,Montana Eritrea,https://s3.amazonaws.com/uifaces/faces/twitter/marklamb/128.jpg
Whitney Rohan,Virginia Slovakia (Slovak,https://s3.amazonaws.com/uifaces/faces/twitter/maz/128.jpg
Merle Herman,Mississippi Timor-Leste,https://s3.amazonaws.com/uifaces/faces/twitter/themrdave/128.jpg
Issac Gislason,Massachusetts Libyan Arab,https://s3.amazonaws.com/uifaces/faces/twitter/algunsanabria/128.jpg
May Bauch,Idaho Russian Federation,https://s3.amazonaws.com/uifaces/faces/twitter/richwild/128.jpg
Dr. Kristian Fritsch,Wisconsin Saint Vincent a,https://s3.amazonaws.com/uifaces/faces/twitter/necodymiconer/128.jpg
Ms. Michale Bergnaum,Hawaii Romania,https://s3.amazonaws.com/uifaces/faces/twitter/kumarrajan12123/128.jpg
Libbie Wisozk,Massachusetts Romania,https://s3.amazonaws.com/uifaces/faces/twitter/xadhix/128.jpg
Ora Abbott,Minnesota Sudan,https://s3.amazonaws.com/uifaces/faces/twitter/91bilal/128.jpg
Madge Gleichner,California Brunei Darussa,https://s3.amazonaws.com/uifaces/faces/twitter/traneblow/128.jpg
Jazmyne O'Kon,Vermont Nepal,https://s3.amazonaws.com/uifaces/faces/twitter/slowspock/128.jpg
Kiana Flatley,Nebraska United States Mi,https://s3.amazonaws.com/uifaces/faces/twitter/jakemoore/128.jpg
Columbus Mohr,Utah Gambia,https://s3.amazonaws.com/uifaces/faces/twitter/allfordesign/128.jpg
Ernie Treutel,Minnesota Saint Vincent a,https://s3.amazonaws.com/uifaces/faces/twitter/rob_thomas10/128.jpg
Chelsey Lynch,Ohio Bulgaria,https://s3.amazonaws.com/uifaces/faces/twitter/dorphern/128.jpg
Eldora Swift,South Carolina Uganda,https://s3.amazonaws.com/uifaces/faces/twitter/josevnclch/128.jpg
Gideon Ritchie,South Dakota Senegal,https://s3.amazonaws.com/uifaces/faces/twitter/therealmarvin/128.jpg
Rosalee Cummerata,Pennsylvania Saint Kitts ,https://s3.amazonaws.com/uifaces/faces/twitter/craigrcoles/128.jpg
Mr. Leland Wilderman,Colorado Yemen,https://s3.amazonaws.com/uifaces/faces/twitter/robbschiller/128.jpg
Mr. Nelson Bauch,Maine Timor-Leste,https://s3.amazonaws.com/uifaces/faces/twitter/dimaposnyy/128.jpg
Arlo Beatty,Florida Djibouti,https://s3.amazonaws.com/uifaces/faces/twitter/AM_Kn2/128.jpg
Kennedi VonRueden,North Dakota Poland,https://s3.amazonaws.com/uifaces/faces/twitter/bolzanmarco/128.jpg
Brown Aufderhar,Massachusetts Serbia,https://s3.amazonaws.com/uifaces/faces/twitter/mhesslow/128.jpg
Dr. Oliver Brakus,Hawaii Bouvet Island (Bou,https://s3.amazonaws.com/uifaces/faces/twitter/brenmurrell/128.jpg
